Variable,Coefficient,P_Value,CI_Lower,CI_Upper,Significant
C(year)[T.2022],0.14389798431813414,0.010285786593307401,0.033988748912724215,0.25380721972354403,True
rainfall,0.08503379233547102,0.03833668151491869,0.0045682567116494405,0.16549932795929262,True
percent_other,0.03514847977152425,2.8305239180845686e-77,0.031446082039491625,0.038850877503556876,True
percent_black,0.030650442433519415,1.5323106863335374e-52,0.02671238926920928,0.03458849559782955,True
income_scaled,0.023141272167524048,9.684933187981094e-39,0.019657130695022045,0.02662541364002605,True
percent_white,0.01708053569874911,1.5569424420455885e-18,0.013270018369271224,0.020891053028226997,True
population_scaled,0.0022304530389150017,0.013161107937034056,0.00046726709363410974,0.003993638984195894,True
C(season)[T.Summer],-0.30458511194539595,5.180289663179853e-10,-0.4006616669246864,-0.20850855696610546,True
Intercept,-4.252313774180078,1.5745729336561914e-82,-4.685396022170622,-3.819231526189535,True
