Variable,Coefficient,P_Value,CI_Lower,CI_Upper,Significant
C(year)[T.2022],0.26458410889147244,1.5239182712624054e-09,0.17875303369473616,0.3504151840882087,True
C(year)[T.2024],0.1516491098691619,0.009378619457880428,0.03724025346363323,0.2660579662746906,True
percent_other,0.03501625537228402,1.0031119724452068e-87,0.03155961715372424,0.0384728935908438,True
percent_black,0.030535346424549345,4.105951853277494e-61,0.026906689230315046,0.03416400361878365,True
income_scaled,0.022979623767820607,5.041218527022554e-43,0.01970421899879585,0.026255028536845363,True
percent_white,0.017127872548871072,8.41076543718948e-22,0.013629088629416919,0.020626656468325226,True
population_scaled,0.0022057429471333155,0.009253477032872376,0.0005446084229268516,0.003866877471339779,True
C(season)[T.Summer],-0.28410758521541923,2.801240591034901e-10,-0.37236334129169535,-0.19585182913914312,True
Intercept,-5.152579442921325,9.086681923307703e-140,-5.553845348019578,-4.751313537823071,True
